{"Emission share":{"China":32.48,"United States":12.61,"India":6.71,"Russia":4.66,"Japan":2.95,"South Korea":1.73,"Saudi Arabia":1.64,"Indonesia":1.58,"Canada":1.51,"Brazil":1.26,"South Africa":1.21,"Mexico":1.13,"Chile":0.24,"United Kingdom":0.87,"Switzerland":0.1,"Norway":0.12,"Vietnam":0.9,"Thailand":0.71,"Malaysia":0.73,"Argentina":0.49,"Ukraine":0.53,"Turkey":1.13,"Pacific":1.22,"Latin America":1.26,"CIS":1.59,"Rest of South-East Asia":1.91,"Rest of South Asia":1.06,"North Africa":1.62,"(Sub-)Saharan Africa":1.06,"Middle-East":4.29,"Europe":7.75},"GDP":{"China":17734062.6499999985,"United States":23315080.5599999987,"India":3176295.0699999998,"Russia":1778782.6299999999,"Japan":4940877.7800000003,"South Korea":1810955.8700000001,"Saudi Arabia":833541.24,"Indonesia":1186092.99,"Canada":1988336.3300000001,"Brazil":1608981.46,"South Africa":419015.02,"Mexico":1272839.3300000001,"Chile":317058.51,"United Kingdom":3131377.7599999998,"Switzerland":800640.16,"Norway":482174.85,"Vietnam":366137.59,"Thailand":505947.04,"Malaysia":372980.96,"Argentina":487227.34,"Ukraine":200085.54,"Turkey":819035.1800000001,"Pacific":1862769.3100000001,"Latin America":1982627.1599999999,"CIS":497869.84,"Rest of South-East Asia":1334167.8,"Rest of South Asia":912475.5599999999,"North Africa":799557.75,"(Sub-)Saharan Africa":1499649.8400000001,"Middle-East":1829169.02,"Europe":17844391.8399999999},"lambda":{"China":4.35,"United States":13.92,"India":16.81,"Russia":22.0,"Japan":41.75,"South Korea":17.34,"Saudi Arabia":-0.03,"Indonesia":1.88,"Canada":30.51,"Brazil":22.06,"South Africa":8.35,"Mexico":-0.15,"Chile":35.0,"United Kingdom":92.31,"Switzerland":75.84,"Norway":138.42,"Vietnam":-4.19,"Thailand":13.03,"Malaysia":-13.12,"Argentina":28.84,"Ukraine":15.14,"Turkey":89.49,"Pacific":1.0209016393,"Latin America":18.2487301587,"CIS":4.2250314465,"Rest of South-East Asia":10.5558115183,"Rest of South Asia":22.3069811321,"North Africa":0.0532716049,"(Sub-)Saharan Africa":6.8894339623,"Middle-East":4.255967366,"Europe":69.9246967742},"dX":{"China":-1.22,"United States":-0.92,"India":-1.5,"Russia":-1.73,"Japan":-0.81,"South Korea":-0.95,"Saudi Arabia":-3.74,"Indonesia":-1.64,"Canada":-1.02,"Brazil":-0.92,"South Africa":-1.66,"Mexico":-1.57,"Chile":-1.2,"United Kingdom":-0.95,"Switzerland":-0.85,"Norway":-1.34,"Vietnam":-2.19,"Thailand":-1.13,"Malaysia":-2.94,"Argentina":-1.17,"Ukraine":-2.69,"Turkey":-2.1,"Pacific":-1.6127868852,"Latin America":-1.339,"CIS":-3.15,"Rest of South-East Asia":-1.212408377,"Rest of South Asia":-1.8820754717,"North Africa":-3.7648765432,"(Sub-)Saharan Africa":-2.4277358491,"Middle-East":-3.1973892774,"Europe":-1.4110709677},"lambda_nor":{"China":16.8422027188,"United States":25.5205015178,"India":28.1412207998,"Russia":32.8476336281,"Japan":50.7573934275,"South Korea":28.6218371387,"Saudi Arabia":12.8703167481,"Indonesia":14.6023492147,"Canada":40.5646997492,"Brazil":32.9020430249,"South Africa":20.4694958427,"Mexico":12.7614979543,"Chile":44.6363362808,"United Kingdom":96.6063785139,"Switzerland":81.6709990762,"Norway":138.42,"Vietnam":9.0979318992,"Thailand":24.7134287977,"Malaysia":1.0,"Argentina":39.05030487,"Ukraine":26.6268259205,"Turkey":94.0491368616,"Pacific":13.8232988206,"Latin America":29.48,"CIS":16.7288783251,"Rest of South-East Asia":22.469777081,"Rest of South Asia":33.1260112655,"North Africa":12.9458293781,"(Sub-)Saharan Africa":19.1450205563,"Middle-East":16.756931737,"Europe":76.3068643969}}