{"Emission share": {"China": 32.48, "United States": 12.61, "Europe": 7.75, "India": 6.71, "Russia": 4.66, "Middle-East": 4.29, "Japan": 2.95, "Rest of South-East Asia": 1.91, "South Korea": 1.73, "Saudi Arabia": 1.64, "North Africa": 1.62, "CIS": 1.59, "Indonesia": 1.58, "Canada": 1.51, "Latin America": 1.26, "Brazil": 1.26, "Pacific": 1.22, "South Africa": 1.21, "Mexico": 1.13, "Turkey": 1.13, "(Sub-)Saharan Africa": 1.06, "Rest of South Asia": 1.06, "Vietnam": 0.9, "United Kingdom": 0.87, "Malaysia": 0.73, "Thailand": 0.71, "Ukraine": 0.53, "Argentina": 0.49, "Chile": 0.24, "Norway": 0.12, "Switzerland": 0.1}, "GDP": {"China": 17734062.65, "United States": 23315080.56, "Europe": 17844391.84, "India": 3176295.07, "Russia": 1778782.63, "Middle-East": 1829169.02, "Japan": 4940877.78, "Rest of South-East Asia": 1334167.8, "South Korea": 1810955.87, "Saudi Arabia": 833541.24, "North Africa": 799557.75, "CIS": 497869.84, "Indonesia": 1186092.99, "Canada": 1988336.33, "Latin America": 1982627.16, "Brazil": 1608981.46, "Pacific": 1862769.31, "South Africa": 419015.02, "Mexico": 1272839.33, "Turkey": 819035.18, "(Sub-)Saharan Africa": 1499649.84, "Rest of South Asia": 912475.5599999999, "Vietnam": 366137.59, "United Kingdom": 3131377.76, "Malaysia": 372980.96, "Thailand": 505947.04, "Ukraine": 200085.54, "Argentina": 487227.34, "Chile": 317058.51, "Norway": 482174.85, "Switzerland": 800640.16}, "lambda": {"China": 4.35, "United States": 13.92, "Europe": 69.9246967742, "India": 16.81, "Russia": 22.0, "Middle-East": 4.255967366, "Japan": 41.75, "Rest of South-East Asia": 10.5558115183, "South Korea": 17.34, "Saudi Arabia": -0.03, "North Africa": 0.0532716049, "CIS": 4.2250314465, "Indonesia": 1.88, "Canada": 30.51, "Latin America": 18.2487301587, "Brazil": 22.06, "Pacific": 1.0209016393, "South Africa": 8.35, "Mexico": -0.15, "Turkey": 89.49, "(Sub-)Saharan Africa": 6.8894339623, "Rest of South Asia": 22.3069811321, "Vietnam": -4.19, "United Kingdom": 92.31, "Malaysia": -13.12, "Thailand": 13.03, "Ukraine": 15.14, "Argentina": 28.84, "Chile": 35.0, "Norway": 138.42, "Switzerland": 75.84}, "dX": {"China": -1.22, "United States": -0.92, "Europe": -1.4110709677, "India": -1.5, "Russia": -1.73, "Middle-East": -3.1973892774, "Japan": -0.81, "Rest of South-East Asia": -1.212408377, "South Korea": -0.95, "Saudi Arabia": -3.74, "North Africa": -3.7648765432, "CIS": -3.15, "Indonesia": -1.64, "Canada": -1.02, "Latin America": -1.339, "Brazil": -0.92, "Pacific": -1.6127868852, "South Africa": -1.66, "Mexico": -1.57, "Turkey": -2.1, "(Sub-)Saharan Africa": -2.4277358491, "Rest of South Asia": -1.8820754717, "Vietnam": -2.19, "United Kingdom": -0.95, "Malaysia": -2.94, "Thailand": -1.13, "Ukraine": -2.69, "Argentina": -1.17, "Chile": -1.2, "Norway": -1.34, "Switzerland": -0.85}, "lambda_nor": {"China": 16.8422027188, "United States": 25.5205015178, "Europe": 76.3068643969, "India": 28.1412207998, "Russia": 32.8476336281, "Middle-East": 16.756931737, "Japan": 50.7573934275, "Rest of South-East Asia": 22.469777081, "South Korea": 28.6218371387, "Saudi Arabia": 12.8703167481, "North Africa": 12.9458293781, "CIS": 16.7288783251, "Indonesia": 14.6023492147, "Canada": 40.5646997492, "Latin America": 29.48, "Brazil": 32.9020430249, "Pacific": 13.8232988206, "South Africa": 20.4694958427, "Mexico": 12.7614979543, "Turkey": 94.0491368616, "(Sub-)Saharan Africa": 19.1450205563, "Rest of South Asia": 33.1260112655, "Vietnam": 9.0979318992, "United Kingdom": 96.6063785139, "Malaysia": 1.0, "Thailand": 24.7134287977, "Ukraine": 26.6268259205, "Argentina": 39.05030487, "Chile": 44.6363362808, "Norway": 138.42, "Switzerland": 81.6709990762}}